personID,gender,firstName,lastName,fullName,party,constituency,URI
10001,F,Diane,Abbott,Ms Diane Abbott,Labour,Hackney North and Stoke Newington,https://www.theyworkforyou.com/mp/10001/diane_abbott/hackney_north_and_stoke_newington
25034,F,Debbie,Abrahams,Debbie Abrahams,Labour,Oldham East and Saddleworth,https://www.theyworkforyou.com/mp/25034/debbie_abrahams/oldham_east_and_saddleworth
24878,M,Nigel,Adams,Nigel Adams,Conservative,Selby and Ainsty,https://www.theyworkforyou.com/mp/24878/nigel_adams/selby_and_ainsty
11929,M,Adam,Afriyie,Adam Afriyie,Conservative,Windsor,https://www.theyworkforyou.com/mp/11929/adam_afriyie/windsor
25274,F,Tasmina,Ahmed-Sheikh,Ms Tasmina Ahmed-Sheikh,Scottish National Party,Ochil and South Perthshire,https://www.theyworkforyou.com/mp/25274/tasmina_ahmed-sheikh/ochil_and_south_perthshire
24904,M,Peter,Aldous,Peter Aldous,Conservative,Waveney,https://www.theyworkforyou.com/mp/24904/peter_aldous/waveney
24953,F,Heidi,Alexander,Heidi Alexander,Labour,Lewisham East,https://www.theyworkforyou.com/mp/24953/heidi_alexander/lewisham_east
24958,F,Rushanara,Ali,Rushanara Ali,Labour,Bethnal Green and Bow,https://www.theyworkforyou.com/mp/24958/rushanara_ali/bethnal_green_and_bow
25337,F,Lucy,Allan,Lucy Allan,Conservative,Telford,https://www.theyworkforyou.com/mp/25337/lucy_allan/telford
10008,M,Graham,Allen,Mr Graham Allen,Labour,Nottingham North,https://www.theyworkforyou.com/mp/10008/graham_allen/nottingham_north
25348,F,Heidi,Allen,Heidi Allen,Conservative,South Cambridgeshire,https://www.theyworkforyou.com/mp/25348/heidi_allen/south_cambridgeshire
25579,F,Rosena,Allin-Khan,Dr Rosena Allin-Khan,Labour,Tooting,https://www.theyworkforyou.com/mp/25579/rosena_allin-khan/tooting
10009,M,David,Amess,Sir David Amess,Conservative,Southend West,https://www.theyworkforyou.com/mp/10009/david_amess/southend_west
11427,M,David,Anderson,Mr David Anderson,Labour,Blaydon,https://www.theyworkforyou.com/mp/11427/david_anderson/blaydon
24864,M,Stuart,Andrew,Stuart Andrew,Conservative,Pudsey,https://www.theyworkforyou.com/mp/24864/stuart_andrew/pudsey
25335,F,Caroline,Ansell,Caroline Ansell,Conservative,Eastbourne,https://www.theyworkforyou.com/mp/25335/caroline_ansell/eastbourne
25396,M,Edward,Argar,Edward Argar,Conservative,Charnwood,https://www.theyworkforyou.com/mp/25396/edward_argar/charnwood
25351,M,Richard,Arkless,Richard Arkless,Scottish National Party,Dumfries and Galloway,https://www.theyworkforyou.com/mp/25351/richard_arkless/dumfries_and_galloway
25120,M,Jon,Ashworth,Jonathan Ashworth,Labour/Co-operative,Leicester South,https://www.theyworkforyou.com/mp/25120/jon_ashworth/leicester_south
25424,M,Victoria,Atkins,Victoria Atkins,Conservative,Louth and Horncastle,https://www.theyworkforyou.com/mp/25424/victoria_atkins/louth_and_horncastle
11553,M,Ian,Austin,Ian Austin,Labour,Dudley North,https://www.theyworkforyou.com/mp/11553/ian_austin/dudley_north
10707,M,Richard,Bacon,Mr Richard Bacon,Conservative,South Norfolk,https://www.theyworkforyou.com/mp/10707/richard_bacon/south_norfolk
10683,M,Adrian,Bailey,Mr Adrian Bailey,Labour/Co-operative,West Bromwich West,https://www.theyworkforyou.com/mp/10683/adrian_bailey/west_bromwich_west
24786,M,Steven,Baker,Mr Steve Baker,Conservative,Wycombe,https://www.theyworkforyou.com/mp/24786/steven_baker/wycombe
24785,F,Harriett,Baldwin,Harriett Baldwin,Conservative,West Worcestershire,https://www.theyworkforyou.com/mp/24785/harriett_baldwin/west_worcestershire
24916,M,Stephen,Barclay,Stephen Barclay,Conservative,North East Cambridgeshire,https://www.theyworkforyou.com/mp/24916/stephen_barclay/north_east_cambridgeshire
25409,F,Hannah,Bardell,Hannah Bardell,Scottish National Party,Livingston,https://www.theyworkforyou.com/mp/25409/hannah_bardell/livingston
10715,M,John,Baron,Mr John Baron,Conservative,Basildon and Billericay,https://www.theyworkforyou.com/mp/10715/john_baron/basildon_and_billericay
10027,M,Kevin,Barron,Sir Kevin Barron,Labour,Rother Valley,https://www.theyworkforyou.com/mp/10027/kevin_barron/rother_valley
24863,M,Gavin,Barwell,Gavin Barwell,Conservative,Croydon Central,https://www.theyworkforyou.com/mp/24863/gavin_barwell/croydon_central
24736,M,Guto,Bebb,Guto Bebb,Conservative,Aberconwy,https://www.theyworkforyou.com/mp/24736/guto_bebb/aberconwy
10031,F,Margaret,Beckett,,Labour,Derby South,https://www.theyworkforyou.com/mp/10031/margaret_beckett/derby_south
10726,M,Henry,Bellingham,,Conservative,North West Norfolk,https://www.theyworkforyou.com/mp/10726/henry_bellingham/north_west_norfolk
10669,M,Hilary,Benn,,Labour,Leeds Central,https://www.theyworkforyou.com/mp/10669/hilary_benn/leeds_central
11727,M,Richard,Benyon,,Conservative,Newbury,https://www.theyworkforyou.com/mp/11727/richard_benyon/newbury
10040,M,John,Bercow,,Speaker,Buckingham,https://www.theyworkforyou.com/mp/10040/john_bercow/buckingham
10041,M,Paul,Beresford,,Conservative,Mole Valley,https://www.theyworkforyou.com/mp/10041/paul_beresford/mole_valley
24924,F,Luciana,Berger,,Labour/Co-operative,"Liverpool, Wavertree",https://www.theyworkforyou.com/mp/24924/luciana_berger/liverpool%2C_wavertree
24860,M,Jake,Berry,,Conservative,Rossendale and Darwen,https://www.theyworkforyou.com/mp/24860/jake_berry/rossendale_and_darwen
25312,M,James,Berry,,Conservative,Kingston and Surbiton,https://www.theyworkforyou.com/mp/25312/james_berry/kingston_and_surbiton
10045,M,Clive,Betts,,Labour,Sheffield South East,https://www.theyworkforyou.com/mp/10045/clive_betts/sheffield_south_east
24748,M,Andrew,Bingham,,Conservative,High Peak,https://www.theyworkforyou.com/mp/24748/andrew_bingham/high_peak
25269,F,Mhairi,Black,,Scottish National Party,Paisley and Renfrewshire South,https://www.theyworkforyou.com/mp/25269/mhairi_black/paisley_and_renfrewshire_south
25361,M,Ian,Blackford,,Scottish National Party,"Ross, Skye and Lochaber",https://www.theyworkforyou.com/mp/25361/ian_blackford/ross%2C_skye_and_lochaber
24945,F,Bob,Blackman,,Conservative,Harrow East,https://www.theyworkforyou.com/mp/24945/bob_blackman/harrow_east
25314,M,Kirsty,Blackman,,Scottish National Party,Aberdeen North,https://www.theyworkforyou.com/mp/25314/kirsty_blackman/aberdeen_north
11558,F,Roberta,Blackman-Woods,,Labour,City of Durham,https://www.theyworkforyou.com/mp/11558/roberta_blackman-woods/city_of_durham
24842,F,Nicola,Blackwood,,Conservative,Oxford West and Abingdon,https://www.theyworkforyou.com/mp/24842/nicola_blackwood/oxford_west_and_abingdon
24848,M,Tom,Blenkinsop,,Labour,Middlesbrough South and East Cleveland,https://www.theyworkforyou.com/mp/24848/tom_blenkinsop/middlesbrough_south_and_east_cleveland
24943,M,Paul,Blomfield,,Labour,Sheffield Central,https://www.theyworkforyou.com/mp/24943/paul_blomfield/sheffield_central
10051,M,Crispin,Blunt,,Conservative,Reigate,https://www.theyworkforyou.com/mp/10051/crispin_blunt/reigate
24766,M,Nicholas,Boles,,Conservative,Grantham and Stamford,https://www.theyworkforyou.com/mp/24766/nicholas_boles/grantham_and_stamford
11915,M,Peter,Bone,,Conservative,Wellingborough,https://www.theyworkforyou.com/mp/11915/peter_bone/wellingborough
25311,F,Victoria,Borwick,,Conservative,Kensington,https://www.theyworkforyou.com/mp/25311/victoria_borwick/kensington
25315,M,Phil,Boswell,,Scottish National Party,"Coatbridge, Chryston and Bellshill",https://www.theyworkforyou.com/mp/25315/phil_boswell/coatbridge%2C_chryston_and_bellshill
10057,M,Peter,Bottomley,,Conservative,Worthing West,https://www.theyworkforyou.com/mp/10057/peter_bottomley/worthing_west
25592,F,Tracy,Brabin,,Labour,Batley and Spen,https://www.theyworkforyou.com/mp/25592/tracy_brabin/batley_and_spen
24725,F,Karen,Bradley,,Conservative,Staffordshire Moorlands,https://www.theyworkforyou.com/mp/24725/karen_bradley/staffordshire_moorlands
10061,M,Ben,Bradshaw,,Labour,Exeter,https://www.theyworkforyou.com/mp/10061/ben_bradshaw/exeter
10062,M,Graham,Brady,,Conservative,Altrincham and Sale West,https://www.theyworkforyou.com/mp/10062/graham_brady/altrincham_and_sale_west
13893,M,Mickey,Brady,,Sinn FŽin,Newry and Armagh,https://www.theyworkforyou.com/mp/13893/mickey_brady/newry_and_armagh
10063,M,Tom,Brake,,Liberal Democrat,Carshalton and Wallington,https://www.theyworkforyou.com/mp/10063/tom_brake/carshalton_and_wallington
10065,M,Julian,Brazier,,Conservative,Canterbury,https://www.theyworkforyou.com/mp/10065/julian_brazier/canterbury
10753,M,Kevin,Brennan,,Labour,Cardiff West,https://www.theyworkforyou.com/mp/10753/kevin_brennan/cardiff_west
24741,M,Andrew,Bridgen,,Conservative,North West Leicestershire,https://www.theyworkforyou.com/mp/24741/andrew_bridgen/north_west_leicestershire
24901,M,Steve,Brine,,Conservative,Winchester,https://www.theyworkforyou.com/mp/24901/steve_brine/winchester
25336,F,Deidre,Brock,,Scottish National Party,Edinburgh North and Leith,https://www.theyworkforyou.com/mp/25336/deidre_brock/edinburgh_north_and_leith
11640,M,James,Brokenshire,,Conservative,Old Bexley and Sidcup,https://www.theyworkforyou.com/mp/11640/james_brokenshire/old_bexley_and_sidcup
25268,F,Alan,Brown,,Scottish National Party,Kilmarnock and Loudoun,https://www.theyworkforyou.com/mp/25268/alan_brown/kilmarnock_and_loudoun
11921,M,Lyn,Brown,,Labour,West Ham,https://www.theyworkforyou.com/mp/11921/lyn_brown/west_ham
10069,M,Nick,Brown,,Labour,Newcastle upon Tyne East,https://www.theyworkforyou.com/mp/10069/nick_brown/newcastle_upon_tyne_east
24857,F,Fiona,Bruce,,Conservative,Congleton,https://www.theyworkforyou.com/mp/24857/fiona_bruce/congleton
10761,M,Chris,Bryant,,Labour,Rhondda,https://www.theyworkforyou.com/mp/10761/chris_bryant/rhondda
10075,F,Karen,Buck,,Labour,Westminster North,https://www.theyworkforyou.com/mp/10075/karen_buck/westminster_north
24843,M,Robert,Buckland,,Conservative,South Swindon,https://www.theyworkforyou.com/mp/24843/robert_buckland/south_swindon
10076,M,Richard,Burden,,Labour,"Birmingham, Northfield",https://www.theyworkforyou.com/mp/10076/richard_burden/birmingham%2C_northfield
25391,M,Richard,Burgon,,Labour,Leeds East,https://www.theyworkforyou.com/mp/25391/richard_burgon/leeds_east
10766,M,Andy,Burnham,,Labour,Leigh,https://www.theyworkforyou.com/mp/10766/andy_burnham/leigh
24780,M,Conor,Burns,,Conservative,Bournemouth West,https://www.theyworkforyou.com/mp/24780/conor_burns/bournemouth_west
10079,M,Simon,Burns,,Conservative,Chelmsford,https://www.theyworkforyou.com/mp/10079/simon_burns/chelmsford
11573,M,David,Burrowes,,Conservative,"Enfield, Southgate",https://www.theyworkforyou.com/mp/11573/david_burrowes/enfield%2C_southgate
10770,M,Alistair,Burt,,Conservative,North East Bedfordshire,https://www.theyworkforyou.com/mp/10770/alistair_burt/north_east_bedfordshire
11447,F,Dawn,Butler,,Labour,Brent Central,https://www.theyworkforyou.com/mp/11447/dawn_butler/brent_central
11360,M,Liam,Byrne,,Labour,"Birmingham, Hodge Hill",https://www.theyworkforyou.com/mp/11360/liam_byrne/birmingham%2C_hodge_hill
25343,F,Ruth,Cadbury,,Labour,Brentford and Isleworth,https://www.theyworkforyou.com/mp/25343/ruth_cadbury/brentford_and_isleworth
24740,M,Alun,Cairns,,Conservative,Vale of Glamorgan,https://www.theyworkforyou.com/mp/24740/alun_cairns/vale_of_glamorgan
25276,F,Lisa,Cameron,,Scottish National Party,"East Kilbride, Strathaven and Lesmahagow",https://www.theyworkforyou.com/mp/25276/lisa_cameron/east_kilbride%2C_strathaven_and_lesmahagow
10086,M,Alan,Campbell,,Labour,Tynemouth,https://www.theyworkforyou.com/mp/10086/alan_campbell/tynemouth
10780,M,Gregory,Campbell,,DUP,East Londonderry,https://www.theyworkforyou.com/mp/10780/gregory_campbell/east_londonderry
10089,M,Ronnie,Campbell,,Labour,Blyth Valley,https://www.theyworkforyou.com/mp/10089/ronnie_campbell/blyth_valley
10785,M,Alistair,Carmichael,,Liberal Democrat,Orkney and Shetland,https://www.theyworkforyou.com/mp/10785/alistair_carmichael/orkney_and_shetland
24840,M,Neil,Carmichael,,Conservative,Stroud,https://www.theyworkforyou.com/mp/24840/neil_carmichael/stroud
11621,M,Douglas,Carswell,,UKIP,Clacton,https://www.theyworkforyou.com/mp/11621/douglas_carswell/clacton
25414,M,James,Cartlidge,,Conservative,South Suffolk,https://www.theyworkforyou.com/mp/25414/james_cartlidge/south_suffolk
10095,M,Bill,Cash,,Conservative,Stone,https://www.theyworkforyou.com/mp/10095/bill_cash/stone
25397,F,Maria,Caulfield,,Conservative,Lewes,https://www.theyworkforyou.com/mp/25397/maria_caulfield/lewes
25340,M,Alex,Chalk,,Conservative,Cheltenham,https://www.theyworkforyou.com/mp/25340/alex_chalk/cheltenham
25168,F,Sarah,Champion,,Labour,Rotherham,https://www.theyworkforyou.com/mp/25168/sarah_champion/rotherham
25305,F,Douglas,Chapman,,Scottish National Party,Dunfermline and West Fife,https://www.theyworkforyou.com/mp/25305/douglas_chapman/dunfermline_and_west_fife
24711,M,Jenny,Chapman,,Labour,Darlington,https://www.theyworkforyou.com/mp/24711/jenny_chapman/darlington
25404,F,Joanna,Cherry,,Scottish National Party,Edinburgh South West,https://www.theyworkforyou.com/mp/25404/joanna_cherry/edinburgh_south_west
24920,M,Rehman,Chishti,,Conservative,Gillingham and Rainham,https://www.theyworkforyou.com/mp/24920/rehman_chishti/gillingham_and_rainham
10103,M,Christopher,Chope,,Conservative,Christchurch,https://www.theyworkforyou.com/mp/10103/christopher_chope/christchurch
25408,F,Jo,Churchill,,Conservative,Bury St Edmunds,https://www.theyworkforyou.com/mp/25408/jo_churchill/bury_st_edmunds
11884,M,Greg,Clark,,Conservative,Tunbridge Wells,https://www.theyworkforyou.com/mp/11884/greg_clark/tunbridge_wells
10115,M,Kenneth,Clarke,,Conservative,Rushcliffe,https://www.theyworkforyou.com/mp/10115/kenneth_clarke/rushcliffe
11812,M,Nick,Clegg,,Liberal Democrat,"Sheffield, Hallam",https://www.theyworkforyou.com/mp/11812/nick_clegg/sheffield%2C_hallam
25376,M,James,Cleverly,,Conservative,Braintree,https://www.theyworkforyou.com/mp/25376/james_cleverly/braintree
10119,M,Geoffrey,Clifton-Brown,,Conservative,The Cotswolds,https://www.theyworkforyou.com/mp/10119/geoffrey_clifton-brown/the_cotswolds
10120,F,Ann,Clwyd,,Labour,Cynon Valley,https://www.theyworkforyou.com/mp/10120/ann_clwyd/cynon_valley
10121,M,Vernon,Coaker,,Labour,Gedling,https://www.theyworkforyou.com/mp/10121/vernon_coaker/gedling
10122,F,Ann,Coffey,,Labour,Stockport,https://www.theyworkforyou.com/mp/10122/ann_coffey/stockport
24771,F,Therese,Coffey,,Conservative,Suffolk Coastal,https://www.theyworkforyou.com/mp/24771/therese_coffey/suffolk_coastal
24744,M,Damian,Collins,,Conservative,Folkestone and Hythe,https://www.theyworkforyou.com/mp/24744/damian_collins/folkestone_and_hythe
24898,M,Oliver,Colvile,,Conservative,"Plymouth, Sutton and Devonport",https://www.theyworkforyou.com/mp/24898/oliver_colvile/plymouth%2C_sutton_and_devonport
25283,F,Julie,Cooper,,Labour,Burnley,https://www.theyworkforyou.com/mp/25283/julie_cooper/burnley
11667,F,Rosie,Cooper,,Labour,West Lancashire,https://www.theyworkforyou.com/mp/11667/rosie_cooper/west_lancashire
10131,F,Yvette,Cooper,,Labour,"Normanton, Pontefract and Castleford",https://www.theyworkforyou.com/mp/10131/yvette_cooper/normanton%2C_pontefract_and_castleford
10133,M,Jeremy,Corbyn,,Labour,Islington North,https://www.theyworkforyou.com/mp/10133/jeremy_corbyn/islington_north
25413,M,Alberto,Costa,,Conservative,South Leicestershire,https://www.theyworkforyou.com/mp/25413/alberto_costa/south_leicestershire
25593,M,Robert,Courts,,Conservative,Witney,https://www.theyworkforyou.com/mp/25593/robert_courts/witney
25288,M,Ronnie,Cowan,,Scottish National Party,Inverclyde,https://www.theyworkforyou.com/mp/25288/ronnie_cowan/inverclyde
11541,M,Geoffrey,Cox,,Conservative,Torridge and West Devon,https://www.theyworkforyou.com/mp/11541/geoffrey_cox/torridge_and_west_devon
25326,M,Neil,Coyle,,Labour,Bermondsey and Old Southwark,https://www.theyworkforyou.com/mp/25326/neil_coyle/bermondsey_and_old_southwark
11768,M,Stephen,Crabb,,Conservative,Preseli Pembrokeshire,https://www.theyworkforyou.com/mp/11768/stephen_crabb/preseli_pembrokeshire
10141,M,David,Crausby,,Labour,Bolton North East,https://www.theyworkforyou.com/mp/10141/david_crausby/bolton_north_east
25295,F,Angela,Crawley,,Scottish National Party,Lanark and Hamilton East,https://www.theyworkforyou.com/mp/25295/angela_crawley/lanark_and_hamilton_east
11898,F,Mary,Creagh,,Labour,Wakefield,https://www.theyworkforyou.com/mp/11898/mary_creagh/wakefield
24949,F,Stella,Creasy,,Labour/Co-operative,Walthamstow,https://www.theyworkforyou.com/mp/24949/stella_creasy/walthamstow
24871,F,Tracey,Crouch,,Conservative,Chatham and Aylesford,https://www.theyworkforyou.com/mp/24871/tracey_crouch/chatham_and_aylesford
10828,M,Jon,Cruddas,,Labour,Dagenham and Rainham,https://www.theyworkforyou.com/mp/10828/jon_cruddas/dagenham_and_rainham
10143,M,John,Cryer,,Labour,Leyton and Wanstead,https://www.theyworkforyou.com/mp/10143/john_cryer/leyton_and_wanstead
25393,F,Judith,Cummins,,Labour,Bradford South,https://www.theyworkforyou.com/mp/25393/judith_cummins/bradford_south
24742,M,Alex,Cunningham,,Labour,Stockton North,https://www.theyworkforyou.com/mp/24742/alex_cunningham/stockton_north
10147,M,Jim,Cunningham,,Labour,Coventry South,https://www.theyworkforyou.com/mp/10147/jim_cunningham/coventry_south
24798,M,Nicholas,Dakin,,Labour,Scunthorpe,https://www.theyworkforyou.com/mp/24798/nicholas_dakin/scunthorpe
24808,M,Simon,Danczuk,,Labour,Rochdale,https://www.theyworkforyou.com/mp/24808/simon_danczuk/rochdale
10842,M,Wayne,David,,Labour,Caerphilly,https://www.theyworkforyou.com/mp/10842/wayne_david/caerphilly
25355,F,Byron,Davies,,Conservative,Gower,https://www.theyworkforyou.com/mp/25355/byron_davies/gower
25282,M,Chris,Davies,,Conservative,Brecon and Radnorshire,https://www.theyworkforyou.com/mp/25282/chris_davies/brecon_and_radnorshire
11719,M,David,Davies,,Conservative,Monmouth,https://www.theyworkforyou.com/mp/11719/david_davies/monmouth
10159,M,Geraint,Davies,,Labour/Co-operative,Swansea West,https://www.theyworkforyou.com/mp/10159/geraint_davies/swansea_west
24739,M,Glyn,Davies,,Conservative,Montgomeryshire,https://www.theyworkforyou.com/mp/24739/glyn_davies/montgomeryshire
25292,M,James,Davies,,Conservative,Vale of Clwyd,https://www.theyworkforyou.com/mp/25292/james_davies/vale_of_clwyd
25330,M,Mims,Davies,,Conservative,Eastleigh,https://www.theyworkforyou.com/mp/25330/mims_davies/eastleigh
11816,M,Philip,Davies,,Conservative,Shipley,https://www.theyworkforyou.com/mp/11816/philip_davies/shipley
10162,M,David,Davis,,Conservative,Haltemprice and Howden,https://www.theyworkforyou.com/mp/10162/david_davis/haltemprice_and_howden
25307,M,Martyn,Day,,Scottish National Party,Linlithgow and East Falkirk,https://www.theyworkforyou.com/mp/25307/martyn_day/linlithgow_and_east_falkirk
24811,F,Gloria,De Piero,,Labour,Ashfield,https://www.theyworkforyou.com/mp/24811/gloria_de_piero/ashfield
25402,F,Thangam,Debbonaire,,Labour,Bristol West,https://www.theyworkforyou.com/mp/25402/thangam_debbonaire/bristol_west
24873,F,Caroline,Dinenage,,Conservative,Gosport,https://www.theyworkforyou.com/mp/24873/caroline_dinenage/gosport
10854,M,Jonathan,Djanogly,,Conservative,Huntingdon,https://www.theyworkforyou.com/mp/10854/jonathan_djanogly/huntingdon
25275,M,Martin,Docherty,,Scottish National Party,West Dunbartonshire,https://www.theyworkforyou.com/mp/25275/martin_docherty/west_dunbartonshire
10857,M,Nigel,Dodds,,DUP,Belfast North,https://www.theyworkforyou.com/mp/10857/nigel_dodds/belfast_north
10858,M,Pat,Doherty,,Sinn FŽin,West Tyrone,https://www.theyworkforyou.com/mp/10858/pat_doherty/west_tyrone
10172,M,Jeffrey M.,Donaldson,,DUP,Lagan Valley,https://www.theyworkforyou.com/mp/10172/jeffrey_m._donaldson/lagan_valley
25425,M,Stuart,Donaldson,,Scottish National Party,West Aberdeenshire and Kincardine,https://www.theyworkforyou.com/mp/25425/stuart_donaldson/west_aberdeenshire_and_kincardine
25316,F,Michelle,Donelan,,Conservative,Chippenham,https://www.theyworkforyou.com/mp/25316/michelle_donelan/chippenham
11397,F,Nadine,Dorries,,Conservative,Mid Bedfordshire,https://www.theyworkforyou.com/mp/11397/nadine_dorries/mid_bedfordshire
25410,M,Steve,Double,,Conservative,St Austell and Newquay,https://www.theyworkforyou.com/mp/25410/steve_double/st_austell_and_newquay
25166,M,Stephen,Doughty,,Labour/Co-operative,Cardiff South and Penarth,https://www.theyworkforyou.com/mp/25166/stephen_doughty/cardiff_south_and_penarth
10176,M,Jim,Dowd,,Labour,Lewisham West and Penge,https://www.theyworkforyou.com/mp/10176/jim_dowd/lewisham_west_and_penge
25309,M,Peter,Dowd,,Labour,Bootle,https://www.theyworkforyou.com/mp/25309/peter_dowd/bootle
25323,M,Oliver,Dowden,,Conservative,Hertsmere,https://www.theyworkforyou.com/mp/25323/oliver_dowden/hertsmere
24957,F,Jackie,Doyle-Price,,Conservative,Thurrock,https://www.theyworkforyou.com/mp/24957/jackie_doyle-price/thurrock
24903,M,Richard,Drax,,Conservative,South Dorset,https://www.theyworkforyou.com/mp/24903/richard_drax/south_dorset
24825,M,Jack,Dromey,,Labour,"Birmingham, Erdington",https://www.theyworkforyou.com/mp/24825/jack_dromey/birmingham%2C_erdington
25392,F,Flick,Drummond,,Conservative,Portsmouth South,https://www.theyworkforyou.com/mp/25392/flick_drummond/portsmouth_south
11785,M,James,Duddridge,,Conservative,Rochford and Southend East,https://www.theyworkforyou.com/mp/11785/james_duddridge/rochford_and_southend_east
24762,M,Michael,Dugher,,Labour,Barnsley East,https://www.theyworkforyou.com/mp/24762/michael_dugher/barnsley_east
10179,M,Alan,Duncan,,Conservative,Rutland and Melton,https://www.theyworkforyou.com/mp/10179/alan_duncan/rutland_and_melton
10180,M,Iain,Duncan Smith,,Conservative,Chingford and Woodford Green,https://www.theyworkforyou.com/mp/10180/iain_duncan_smith/chingford_and_woodford_green
11696,M,Philip,Dunne,,Conservative,Ludlow,https://www.theyworkforyou.com/mp/11696/philip_dunne/ludlow
11589,M,Mark,Durkan,,Social Democratic and Labour Party,Foyle,https://www.theyworkforyou.com/mp/11589/mark_durkan/foyle
10182,F,Angela,Eagle,,Labour,Wallasey,https://www.theyworkforyou.com/mp/10182/angela_eagle/wallasey
10183,F,Maria,Eagle,,Labour,Garston and Halewood,https://www.theyworkforyou.com/mp/10183/maria_eagle/garston_and_halewood
24743,M,Jonathan,Edwards,,Plaid Cymru,Carmarthen East and Dinefwr,https://www.theyworkforyou.com/mp/24743/jonathan_edwards/carmarthen_east_and_dinefwr
10185,M,Clive,Efford,,Labour,Eltham,https://www.theyworkforyou.com/mp/10185/clive_efford/eltham
24710,F,Julie,Elliott,,Labour,Sunderland Central,https://www.theyworkforyou.com/mp/24710/julie_elliott/sunderland_central
13781,M,Tom,Elliott,,UUP,Fermanagh and South Tyrone,https://www.theyworkforyou.com/mp/13781/tom_elliott/fermanagh_and_south_tyrone
24866,M,Michael,Ellis,,Conservative,Northampton North,https://www.theyworkforyou.com/mp/24866/michael_ellis/northampton_north
24719,F,Jane,Ellison,,Conservative,Battersea,https://www.theyworkforyou.com/mp/24719/jane_ellison/battersea
10186,F,Louise,Ellman,,Labour/Co-operative,"Liverpool, Riverside",https://www.theyworkforyou.com/mp/10186/louise_ellman/liverpool%2C_riverside
11437,M,Tobias,Ellwood,,Conservative,Bournemouth East,https://www.theyworkforyou.com/mp/11437/tobias_ellwood/bournemouth_east
25490,M,Chris,Elmore,,Labour,Ogmore,https://www.theyworkforyou.com/mp/25490/chris_elmore/ogmore
24777,M,Charlie,Elphicke,,Conservative,Dover,https://www.theyworkforyou.com/mp/24777/charlie_elphicke/dover
11534,F,Natascha,Engel,,Labour,North East Derbyshire,https://www.theyworkforyou.com/mp/11534/natascha_engel/north_east_derbyshire
24905,M,Bill,Esterson,,Labour,Sefton Central,https://www.theyworkforyou.com/mp/24905/bill_esterson/sefton_central
24933,M,George,Eustice,,Conservative,Camborne and Redruth,https://www.theyworkforyou.com/mp/24933/george_eustice/camborne_and_redruth
24721,M,Chris,Evans,,Labour/Co-operative,Islwyn,https://www.theyworkforyou.com/mp/24721/chris_evans/islwyn
24883,M,Graham,Evans,,Conservative,Weaver Vale,https://www.theyworkforyou.com/mp/24883/graham_evans/weaver_vale
10190,M,Nigel,Evans,,Conservative,Ribble Valley,https://www.theyworkforyou.com/mp/10190/nigel_evans/ribble_valley
11408,M,David,Evennett,,Conservative,Bexleyheath and Crayford,https://www.theyworkforyou.com/mp/11408/david_evennett/bexleyheath_and_crayford
10193,M,Michael,Fabricant,,Conservative,Lichfield,https://www.theyworkforyou.com/mp/10193/michael_fabricant/lichfield
10194,M,Michael,Fallon,,Conservative,Sevenoaks,https://www.theyworkforyou.com/mp/10194/michael_fallon/sevenoaks
10882,M,Paul,Farrelly,,Labour,Newcastle-under-Lyme,https://www.theyworkforyou.com/mp/10882/paul_farrelly/newcastle-under-lyme
11923,M,Tim,Farron,,Liberal Democrat,Westmorland and Lonsdale,https://www.theyworkforyou.com/mp/11923/tim_farron/westmorland_and_lonsdale
25277,F,Marion,Fellows,,Scottish National Party,Motherwell and Wishaw,https://www.theyworkforyou.com/mp/25277/marion_fellows/motherwell_and_wishaw
25272,F,Suella,Fernandes,,Conservative,Fareham,https://www.theyworkforyou.com/mp/25272/suella_fernandes/fareham
25287,F,Margaret,Ferrier,,Scottish National Party,Rutherglen and Hamilton West,https://www.theyworkforyou.com/mp/25287/margaret_ferrier/rutherglen_and_hamilton_west
10197,M,Frank,Field,,Labour,Birkenhead,https://www.theyworkforyou.com/mp/10197/frank_field/birkenhead
10884,M,Mark,Field,,Conservative,Cities of London and Westminster,https://www.theyworkforyou.com/mp/10884/mark_field/cities_of_london_and_westminster
10199,M,Jim,Fitzpatrick,,Labour,Poplar and Limehouse,https://www.theyworkforyou.com/mp/10199/jim_fitzpatrick/poplar_and_limehouse
11843,M,Rob,Flello,,Labour,Stoke-on-Trent South,https://www.theyworkforyou.com/mp/11843/rob_flello/stoke-on-trent_south
25319,F,Colleen,Fletcher,,Labour,Coventry North East,https://www.theyworkforyou.com/mp/25319/colleen_fletcher/coventry_north_east
10202,F,Caroline,Flint,,Labour,Don Valley,https://www.theyworkforyou.com/mp/10202/caroline_flint/don_valley
10203,M,Paul,Flynn,,Labour,Newport West,https://www.theyworkforyou.com/mp/10203/paul_flynn/newport_west
25338,M,Kevin,Foster,,Conservative,Torbay,https://www.theyworkforyou.com/mp/25338/kevin_foster/torbay
24805,F,Yvonne,Fovargue,,Labour,Makerfield,https://www.theyworkforyou.com/mp/24805/yvonne_fovargue/makerfield
10213,M,Liam,Fox,,Conservative,North Somerset,https://www.theyworkforyou.com/mp/10213/liam_fox/north_somerset
25380,F,Vicky,Foxcroft,,Labour,"Lewisham, Deptford",https://www.theyworkforyou.com/mp/25380/vicky_foxcroft/lewisham%2C_deptford
10901,M,Mark,Francois,,Conservative,Rayleigh and Wickford,https://www.theyworkforyou.com/mp/10901/mark_francois/rayleigh_and_wickford
25399,F,Lucy,Frazer,,Conservative,South East Cambridgeshire,https://www.theyworkforyou.com/mp/25399/lucy_frazer/south_east_cambridgeshire
24817,M,George,Freeman,,Conservative,Mid Norfolk,https://www.theyworkforyou.com/mp/24817/george_freeman/mid_norfolk
24934,M,Mike,Freer,,Conservative,Finchley and Golders Green,https://www.theyworkforyou.com/mp/24934/mike_freer/finchley_and_golders_green
24787,M,Richard,Fuller,,Conservative,Bedford,https://www.theyworkforyou.com/mp/24787/richard_fuller/bedford
25489,M,Gill,Furniss,,Labour,"Sheffield, Brightside and Hillsborough",https://www.theyworkforyou.com/mp/25489/gill_furniss/sheffield%2C_brightside_and_hillsborough
25384,M,Marcus,Fysh,,Conservative,Yeovil,https://www.theyworkforyou.com/mp/25384/marcus_fysh/yeovil
10217,M,Roger,Gale,,Conservative,North Thanet,https://www.theyworkforyou.com/mp/10217/roger_gale/north_thanet
10219,M,Mike,Gapes,,Labour/Co-operative,Ilford South,https://www.theyworkforyou.com/mp/10219/mike_gapes/ilford_south
10220,M,Barry,Gardiner,,Labour,Brent North,https://www.theyworkforyou.com/mp/10220/barry_gardiner/brent_north
10221,M,Edward,Garnier,,Conservative,Harborough,https://www.theyworkforyou.com/mp/10221/edward_garnier/harborough
24824,M,Mark,Garnier,,Conservative,Wyre Forest,https://www.theyworkforyou.com/mp/24824/mark_garnier/wyre_forest
11633,M,David,Gauke,,Conservative,South West Hertfordshire,https://www.theyworkforyou.com/mp/11633/david_gauke/south_west_hertfordshire
25324,M,Stephen,Gethins,,Scottish National Party,North East Fife,https://www.theyworkforyou.com/mp/25324/stephen_gethins/north_east_fife
25354,F,Nusrat,Ghani,,Conservative,Wealden,https://www.theyworkforyou.com/mp/25354/nusrat_ghani/wealden
10225,M,Nick,Gibb,,Conservative,Bognor Regis and Littlehampton,https://www.theyworkforyou.com/mp/10225/nick_gibb/bognor_regis_and_littlehampton
25300,F,Patricia,Gibson,,Scottish National Party,North Ayrshire and Arran,https://www.theyworkforyou.com/mp/25300/patricia_gibson/north_ayrshire_and_arran
10228,F,Cheryl,Gillan,,Conservative,Chesham and Amersham,https://www.theyworkforyou.com/mp/10228/cheryl_gillan/chesham_and_amersham
24917,F,Pat,Glass,,Labour,North West Durham,https://www.theyworkforyou.com/mp/24917/pat_glass/north_west_durham
24839,M,John,Glen,,Conservative,Salisbury,https://www.theyworkforyou.com/mp/24839/john_glen/salisbury
24927,F,Mary,Glindon,,Labour,North Tyneside,https://www.theyworkforyou.com/mp/24927/mary_glindon/north_tyneside
10231,M,Roger,Godsiff,,Labour,"Birmingham, Hall Green",https://www.theyworkforyou.com/mp/10231/roger_godsiff/birmingham%2C_hall_green
11421,F,Helen,Goodman,,Labour,Bishop Auckland,https://www.theyworkforyou.com/mp/11421/helen_goodman/bishop_auckland
11804,M,Robert,Goodwill,,Conservative,Scarborough and Whitby,https://www.theyworkforyou.com/mp/11804/robert_goodwill/scarborough_and_whitby
11858,M,Michael,Gove,,Conservative,Surrey Heath,https://www.theyworkforyou.com/mp/11858/michael_gove/surrey_heath
25299,M,Patrick,Grady,,Scottish National Party,Glasgow North,https://www.theyworkforyou.com/mp/25299/patrick_grady/glasgow_north
24921,M,Richard,Graham,,Conservative,Gloucester,https://www.theyworkforyou.com/mp/24921/richard_graham/gloucester
24796,F,Helen,Grant,,Conservative,Maidstone and The Weald,https://www.theyworkforyou.com/mp/24796/helen_grant/maidstone_and_the_weald
25273,M,Peter,Grant,,Scottish National Party,Glenrothes,https://www.theyworkforyou.com/mp/25273/peter_grant/glenrothes
10240,M,James,Gray,,Conservative,North Wiltshire,https://www.theyworkforyou.com/mp/10240/james_gray/north_wiltshire
25293,M,Neil,Gray,,Scottish National Party,Airdrie and Shotts,https://www.theyworkforyou.com/mp/25293/neil_gray/airdrie_and_shotts
10920,M,Chris,Grayling,,Conservative,Epsom and Ewell,https://www.theyworkforyou.com/mp/10920/chris_grayling/epsom_and_ewell
25359,F,Chris,Green,,Conservative,Bolton West,https://www.theyworkforyou.com/mp/25359/chris_green/bolton_west
10241,M,Damian,Green,,Conservative,Ashford,https://www.theyworkforyou.com/mp/10241/damian_green/ashford
24896,M,Kate,Green,,Labour,Stretford and Urmston,https://www.theyworkforyou.com/mp/24896/kate_green/stretford_and_urmston
11771,F,Justine,Greening,,Conservative,Putney,https://www.theyworkforyou.com/mp/11771/justine_greening/putney
24774,F,Lilian,Greenwood,,Labour,Nottingham South,https://www.theyworkforyou.com/mp/24774/lilian_greenwood/nottingham_south
25349,F,Margaret,Greenwood,,Labour,Wirral West,https://www.theyworkforyou.com/mp/25349/margaret_greenwood/wirral_west
10243,M,Dominic,Grieve,,Conservative,Beaconsfield,https://www.theyworkforyou.com/mp/10243/dominic_grieve/beaconsfield
11692,F,Nia,Griffith,,Labour,Llanelli,https://www.theyworkforyou.com/mp/11692/nia_griffith/llanelli
24826,M,Andrew,Griffiths,,Conservative,Burton,https://www.theyworkforyou.com/mp/24826/andrew_griffiths/burton
24922,M,Ben,Gummer,,Conservative,Ipswich,https://www.theyworkforyou.com/mp/24922/ben_gummer/ipswich
11531,M,Andrew,Gwynne,,Labour,Denton and Reddish,https://www.theyworkforyou.com/mp/11531/andrew_gwynne/denton_and_reddish
24789,M,Sam,Gyimah,,Conservative,East Surrey,https://www.theyworkforyou.com/mp/24789/sam_gyimah/east_surrey
25357,F,Louise,Haigh,,Labour,"Sheffield, Heeley",https://www.theyworkforyou.com/mp/25357/louise_haigh/sheffield%2C_heeley
24784,M,Robert,Halfon,,Conservative,Harlow,https://www.theyworkforyou.com/mp/24784/robert_halfon/harlow
25373,M,Luke,Hall,,Conservative,Thornbury and Yate,https://www.theyworkforyou.com/mp/25373/luke_hall/thornbury_and_yate
10256,M,Fabian,Hamilton,,Labour,Leeds North East,https://www.theyworkforyou.com/mp/10256/fabian_hamilton/leeds_north_east
10257,M,Philip,Hammond,,Conservative,Runnymede and Weybridge,https://www.theyworkforyou.com/mp/10257/philip_hammond/runnymede_and_weybridge
11927,M,Stephen,Hammond,,Conservative,Wimbledon,https://www.theyworkforyou.com/mp/11927/stephen_hammond/wimbledon
24773,M,Matthew,Hancock,,Conservative,West Suffolk,https://www.theyworkforyou.com/mp/24773/matthew_hancock/west_suffolk
11610,M,Greg,Hands,,Conservative,Chelsea and Fulham,https://www.theyworkforyou.com/mp/11610/greg_hands/chelsea_and_fulham
10259,M,David,Hanson,,Labour,Delyn,https://www.theyworkforyou.com/mp/10259/david_hanson/delyn
10260,F,Harriet,Harman,,Labour,Camberwell and Peckham,https://www.theyworkforyou.com/mp/10260/harriet_harman/camberwell_and_peckham
11588,M,Mark,Harper,,Conservative,Forest of Dean,https://www.theyworkforyou.com/mp/11588/mark_harper/forest_of_dean
24954,M,Richard,Harrington,,Conservative,Watford,https://www.theyworkforyou.com/mp/24954/richard_harrington/watford
25308,F,Carolyn,Harris,,Labour,Swansea East,https://www.theyworkforyou.com/mp/25308/carolyn_harris/swansea_east
24731,F,Rebecca,Harris,,Conservative,Castle Point,https://www.theyworkforyou.com/mp/24731/rebecca_harris/castle_point
24813,M,Simon,Hart,,Conservative,Carmarthen West and South Pembrokeshire,https://www.theyworkforyou.com/mp/24813/simon_hart/carmarthen_west_and_south_pembrokeshire
10263,M,Alan,Haselhurst,,Conservative,Saffron Walden,https://www.theyworkforyou.com/mp/10263/alan_haselhurst/saffron_walden
25310,F,Helen,Hayes,,Labour,Dulwich and West Norwood,https://www.theyworkforyou.com/mp/25310/helen_hayes/dulwich_and_west_norwood
10265,M,John,Hayes,,Conservative,South Holland and The Deepings,https://www.theyworkforyou.com/mp/10265/john_hayes/south_holland_and_the_deepings
25358,F,Sue,Hayman,,Labour,Workington,https://www.theyworkforyou.com/mp/25358/sue_hayman/workington
10267,M,Oliver,Heald,,Conservative,North East Hertfordshire,https://www.theyworkforyou.com/mp/10267/oliver_heald/north_east_hertfordshire
10268,M,John,Healey,,Labour,Wentworth and Dearne,https://www.theyworkforyou.com/mp/10268/john_healey/wentworth_and_dearne
25438,M,James,Heappey,,Conservative,Wells,https://www.theyworkforyou.com/mp/25438/james_heappey/wells
24841,M,Chris,Heaton-Harris,,Conservative,Daventry,https://www.theyworkforyou.com/mp/24841/chris_heaton-harris/daventry
25412,M,Peter,Heaton-Jones,,Conservative,North Devon,https://www.theyworkforyou.com/mp/25412/peter_heaton-jones/north_devon
24828,M,Gordon,Henderson,,Conservative,Sittingbourne and Sheppey,https://www.theyworkforyou.com/mp/24828/gordon_henderson/sittingbourne_and_sheppey
10682,M,Mark,Hendrick,,Labour/Co-operative,Preston,https://www.theyworkforyou.com/mp/10682/mark_hendrick/preston
25382,M,Drew,Hendry,,Scottish National Party,"Inverness, Nairn, Badenoch and Strathspey",https://www.theyworkforyou.com/mp/25382/drew_hendry/inverness%2C_nairn%2C_badenoch_and_strathspey
10274,M,Stephen,Hepburn,,Labour,Jarrow,https://www.theyworkforyou.com/mp/10274/stephen_hepburn/jarrow
11377,M,Nick,Herbert,,Conservative,Arundel and South Downs,https://www.theyworkforyou.com/mp/11377/nick_herbert/arundel_and_south_downs
10958,F,Sylvia,Hermon,,Independent,North Down,https://www.theyworkforyou.com/mp/10958/sylvia_hermon/north_down
11605,F,Meg,Hillier,,Labour/Co-operative,Hackney South and Shoreditch,https://www.theyworkforyou.com/mp/11605/meg_hillier/hackney_south_and_shoreditch
24782,M,Damian,Hinds,,Conservative,East Hampshire,https://www.theyworkforyou.com/mp/24782/damian_hinds/east_hampshire
25427,M,Simon,Hoare,,Conservative,North Dorset,https://www.theyworkforyou.com/mp/25427/simon_hoare/north_dorset
10281,F,Margaret,Hodge,,Labour,Barking,https://www.theyworkforyou.com/mp/10281/margaret_hodge/barking
11592,F,Sharon,Hodgson,,Labour,Washington and Sunderland West,https://www.theyworkforyou.com/mp/11592/sharon_hodgson/washington_and_sunderland_west
10282,F,Kate,Hoey,,Labour,Vauxhall,https://www.theyworkforyou.com/mp/10282/kate_hoey/vauxhall
25298,F,Kate,Hollern,,Labour,Blackburn,https://www.theyworkforyou.com/mp/25298/kate_hollern/blackburn
24936,M,George,Hollingbery,,Conservative,Meon Valley,https://www.theyworkforyou.com/mp/24936/george_hollingbery/meon_valley
25415,M,Kevin,Hollinrake,,Conservative,Thirsk and Malton,https://www.theyworkforyou.com/mp/25415/kevin_hollinrake/thirsk_and_malton
11661,M,Philip,Hollobone,,Conservative,Kettering,https://www.theyworkforyou.com/mp/11661/philip_hollobone/kettering
11599,M,Adam,Holloway,,Conservative,Gravesham,https://www.theyworkforyou.com/mp/11599/adam_holloway/gravesham
10288,M,Kelvin,Hopkins,,Labour,Luton North,https://www.theyworkforyou.com/mp/10288/kelvin_hopkins/luton_north
24923,M,Kris,Hopkins,,Conservative,Keighley,https://www.theyworkforyou.com/mp/24923/kris_hopkins/keighley
11973,M,Stewart,Hosie,,Scottish National Party,Dundee East,https://www.theyworkforyou.com/mp/11973/stewart_hosie/dundee_east
10292,M,George,Howarth,,Labour,Knowsley,https://www.theyworkforyou.com/mp/10292/george_howarth/knowsley
10293,M,Gerald,Howarth,,Conservative,Aldershot,https://www.theyworkforyou.com/mp/10293/gerald_howarth/aldershot
14131,M,John,Howell,,Conservative,Henley,https://www.theyworkforyou.com/mp/14131/john_howell/henley
25334,M,Ben,Howlett,,Conservative,Bath,https://www.theyworkforyou.com/mp/25334/ben_howlett/bath
10295,M,Lindsay,Hoyle,,Labour,Chorley,https://www.theyworkforyou.com/mp/10295/lindsay_hoyle/chorley
25381,M,Nigel,Huddleston,,Conservative,Mid Worcestershire,https://www.theyworkforyou.com/mp/25381/nigel_huddleston/mid_worcestershire
11859,M,Jeremy,Hunt,,Conservative,South West Surrey,https://www.theyworkforyou.com/mp/11859/jeremy_hunt/south_west_surrey
24850,M,Tristram,Hunt,,Labour,Stoke-on-Trent Central,https://www.theyworkforyou.com/mp/24850/tristram_hunt/stoke-on-trent_central
25284,F,Rupa,Huq,,Labour,Ealing Central and Acton,https://www.theyworkforyou.com/mp/25284/rupa_huq/ealing_central_and_acton
11792,M,Nick,Hurd,,Conservative,"Ruislip, Northwood and Pinner",https://www.theyworkforyou.com/mp/11792/nick_hurd/ruislip%2C_northwood_and_pinner
25375,M,Imran,Hussain,,Labour,Bradford East,https://www.theyworkforyou.com/mp/25375/imran_hussain/bradford_east
11759,M,Stewart,Jackson,,Conservative,Peterborough,https://www.theyworkforyou.com/mp/11759/stewart_jackson/peterborough
24876,F,Margot,James,,Conservative,Stourbridge,https://www.theyworkforyou.com/mp/24876/margot_james/stourbridge
25067,M,Dan,Jarvis,,Labour,Barnsley Central,https://www.theyworkforyou.com/mp/25067/dan_jarvis/barnsley_central
24854,M,Sajid,Javid,,Conservative,Bromsgrove,https://www.theyworkforyou.com/mp/24854/sajid_javid/bromsgrove
25419,M,Ranil,Jayawardena,,Conservative,North East Hampshire,https://www.theyworkforyou.com/mp/25419/ranil_jayawardena/north_east_hampshire
10312,M,Bernard,Jenkin,,Conservative,Harwich and North Essex,https://www.theyworkforyou.com/mp/10312/bernard_jenkin/harwich_and_north_essex
25431,F,Andrea,Jenkyns,,Conservative,Morley and Outwood,https://www.theyworkforyou.com/mp/25431/andrea_jenkyns/morley_and_outwood
25227,M,Robert,Jenrick,,Conservative,Newark,https://www.theyworkforyou.com/mp/25227/robert_jenrick/newark
10314,F,Alan,Johnson,,Labour,Kingston upon Hull West and Hessle,https://www.theyworkforyou.com/mp/10314/alan_johnson/kingston_upon_hull_west_and_hessle
10999,F,Boris,Johnson,,Conservative,Uxbridge and South Ruislip,https://www.theyworkforyou.com/mp/10999/boris_johnson/uxbridge_and_south_ruislip
25597,F,Caroline,Johnson,,Conservative,Sleaford and North Hykeham,https://www.theyworkforyou.com/mp/25597/dr_caroline_johnson/sleaford_and_north_hykeham
11647,M,Diana R.,Johnson,,Labour,Kingston upon Hull North,https://www.theyworkforyou.com/mp/11647/diana_r._johnson/kingston_upon_hull_north
24803,M,Gareth,Johnson,,Conservative,Dartford,https://www.theyworkforyou.com/mp/24803/gareth_johnson/dartford
24895,M,Jo,Johnson,,Conservative,Orpington,https://www.theyworkforyou.com/mp/24895/jo_johnson/orpington
24758,M,Andrew,Jones,,Conservative,Harrogate and Knaresborough,https://www.theyworkforyou.com/mp/24758/andrew_jones/harrogate_and_knaresborough
11506,M,David,Jones,,Conservative,Clwyd West,https://www.theyworkforyou.com/mp/11506/david_jones/clwyd_west
25289,M,Gerald,Jones,,Labour,Merthyr Tydfil and Rhymney,https://www.theyworkforyou.com/mp/25289/gerald_jones/merthyr_tydfil_and_rhymney
24835,M,Graham,Jones,,Labour,Hyndburn,https://www.theyworkforyou.com/mp/24835/graham_jones/hyndburn
10319,F,Helen,Jones,,Labour,Warrington North,https://www.theyworkforyou.com/mp/10319/helen_jones/warrington_north
11003,M,Kevan,Jones,,Labour,North Durham,https://www.theyworkforyou.com/mp/11003/kevan_jones/north_durham
24745,M,Marcus,Jones,,Conservative,Nuneaton,https://www.theyworkforyou.com/mp/24745/marcus_jones/nuneaton
24720,F,Susan Elan,Jones,,Labour,Clwyd South,https://www.theyworkforyou.com/mp/24720/susan_elan_jones/clwyd_south
25220,M,Mike,Kane,,Labour,Wythenshawe and Sale East,https://www.theyworkforyou.com/mp/25220/mike_kane/wythenshawe_and_sale_east
10327,M,Gerald,Kaufman,,Labour,"Manchester, Gorton",https://www.theyworkforyou.com/mp/10327/gerald_kaufman/manchester%2C_gorton
11817,M,Daniel,Kawczynski,,Conservative,Shrewsbury and Atcham,https://www.theyworkforyou.com/mp/11817/daniel_kawczynski/shrewsbury_and_atcham
11943,F,Barbara,Keeley,,Labour,Worsley and Eccles South,https://www.theyworkforyou.com/mp/11943/barbara_keeley/worsley_and_eccles_south
24816,F,Liz,Kendall,,Labour,Leicester West,https://www.theyworkforyou.com/mp/24816/liz_kendall/leicester_west
25389,F,Seema,Kennedy,,Conservative,South Ribble,https://www.theyworkforyou.com/mp/25389/seema_kennedy/south_ribble
25325,M,George,Kerevan,,Scottish National Party,East Lothian,https://www.theyworkforyou.com/mp/25325/george_kerevan/east_lothian
25416,M,Calum,Kerr,,Scottish National Party,"Berwickshire, Roxburgh and Selkirk",https://www.theyworkforyou.com/mp/25416/calum_kerr/berwickshire%2C_roxburgh_and_selkirk
24684,M,Danny,Kinahan,,UUP,South Antrim,https://www.theyworkforyou.com/mp/24684/danny_kinahan/south_antrim
25297,M,Stephen,Kinnock,,Labour,Aberavon,https://www.theyworkforyou.com/mp/25297/stephen_kinnock/aberavon
24900,M,Simon,Kirby,,Conservative,"Brighton, Kemptown",https://www.theyworkforyou.com/mp/24900/simon_kirby/brighton%2C_kemptown
11026,M,Greg,Knight,,Conservative,East Yorkshire,https://www.theyworkforyou.com/mp/11026/greg_knight/east_yorkshire
25388,M,Julian,Knight,,Conservative,Solihull,https://www.theyworkforyou.com/mp/25388/julian_knight/solihull
24770,M,Kwasi,Kwarteng,,Conservative,Spelthorne,https://www.theyworkforyou.com/mp/24770/kwasi_kwarteng/spelthorne
25418,M,Peter,Kyle,,Labour,Hove,https://www.theyworkforyou.com/mp/25418/peter_kyle/hove
10348,F,Eleanor,Laing,,Conservative,Epping Forest,https://www.theyworkforyou.com/mp/10348/eleanor_laing/epping_forest
11032,M,Norman,Lamb,,Liberal Democrat,North Norfolk,https://www.theyworkforyou.com/mp/11032/norman_lamb/north_norfolk
10678,M,David,Lammy,,Labour,Tottenham,https://www.theyworkforyou.com/mp/10678/david_lammy/tottenham
11715,M,Mark,Lancaster,,Conservative,Milton Keynes North,https://www.theyworkforyou.com/mp/11715/mark_lancaster/milton_keynes_north
24821,F,Pauline,Latham,,Conservative,Mid Derbyshire,https://www.theyworkforyou.com/mp/24821/pauline_latham/mid_derbyshire
24963,M,Ian,Lavery,,Labour,Wansbeck,https://www.theyworkforyou.com/mp/24963/ian_lavery/wansbeck
25270,M,Chris,Law,,Scottish National Party,Dundee West,https://www.theyworkforyou.com/mp/25270/chris_law/dundee_west
24829,F,Andrea,Leadsom,,Conservative,South Northamptonshire,https://www.theyworkforyou.com/mp/24829/andrea_leadsom/south_northamptonshire
24765,M,Phillip,Lee,,Conservative,Bracknell,https://www.theyworkforyou.com/mp/24765/phillip_lee/bracknell
24760,M,Jeremy,Lefroy,,Conservative,Stafford,https://www.theyworkforyou.com/mp/24760/jeremy_lefroy/stafford
10352,M,Edward,Leigh,,Conservative,Gainsborough,https://www.theyworkforyou.com/mp/10352/edward_leigh/gainsborough
24891,F,Charlotte,Leslie,,Conservative,Bristol North West,https://www.theyworkforyou.com/mp/24891/charlotte_leslie/bristol_north_west
10354,M,Chris,Leslie,,Labour/Co-operative,Nottingham East,https://www.theyworkforyou.com/mp/10354/chris_leslie/nottingham_east
10355,M,Oliver,Letwin,,Conservative,West Dorset,https://www.theyworkforyou.com/mp/10355/oliver_letwin/west_dorset
25181,F,Emma,Lewell-Buck,,Labour,South Shields,https://www.theyworkforyou.com/mp/25181/emma_lewell-buck/south_shields
24879,M,Brandon,Lewis,,Conservative,Great Yarmouth,https://www.theyworkforyou.com/mp/24879/brandon_lewis/great_yarmouth
25356,M,Clive,Lewis,,Labour,Norwich South,https://www.theyworkforyou.com/mp/25356/clive_lewis/norwich_south
10357,M,Ivan,Lewis,,Labour,Bury South,https://www.theyworkforyou.com/mp/10357/ivan_lewis/bury_south
10358,M,Julian,Lewis,,Conservative,New Forest East,https://www.theyworkforyou.com/mp/10358/julian_lewis/new_forest_east
11048,M,Ian,Liddell-Grainger,,Conservative,Bridgwater and West Somerset,https://www.theyworkforyou.com/mp/11048/ian_liddell-grainger/bridgwater_and_west_somerset
10361,M,David,Lidington,,Conservative,Aylesbury,https://www.theyworkforyou.com/mp/10361/david_lidington/aylesbury
10362,M,Peter,Lilley,,Conservative,Hitchin and Harpenden,https://www.theyworkforyou.com/mp/10362/peter_lilley/hitchin_and_harpenden
25368,F,Rebecca,Long-Bailey,,Labour,Salford and Eccles,https://www.theyworkforyou.com/mp/25368/rebecca_long-bailey/salford_and_eccles
24716,M,Jack,Lopresti,,Conservative,Filton and Bradley Stoke,https://www.theyworkforyou.com/mp/24716/jack_lopresti/filton_and_bradley_stoke
24884,M,Jonathan,Lord,,Conservative,Woking,https://www.theyworkforyou.com/mp/24884/jonathan_lord/woking
10371,M,Tim,Loughton,,Conservative,East Worthing and Shoreham,https://www.theyworkforyou.com/mp/10371/tim_loughton/east_worthing_and_shoreham
24910,F,Caroline,Lucas,,Green,"Brighton, Pavilion",https://www.theyworkforyou.com/mp/24910/caroline_lucas/brighton%2C_pavilion
11057,M,Ian,Lucas,,Labour,Wrexham,https://www.theyworkforyou.com/mp/11057/ian_lucas/wrexham
24856,F,Karen,Lumley,,Conservative,Redditch,https://www.theyworkforyou.com/mp/24856/karen_lumley/redditch
25434,F,Holly,Lynch,,Labour,Halifax,https://www.theyworkforyou.com/mp/25434/holly_lynch/halifax
25437,M,Craig,Mackinlay,,Conservative,South Thanet,https://www.theyworkforyou.com/mp/25437/craig_mackinlay/south_thanet
25347,M,David,Mackintosh,,Conservative,Northampton South,https://www.theyworkforyou.com/mp/25347/david_mackintosh/northampton_south
12004,M,Angus,MacNeil,,Scottish National Party,Na h-Eileanan an Iar,https://www.theyworkforyou.com/mp/12004/angus_macneil/na_h-eileanan_an_iar
10402,F,Fiona,Mactaggart,,Labour,Slough,https://www.theyworkforyou.com/mp/10402/fiona_mactaggart/slough
25378,M,Justin,Madders,,Labour,Ellesmere Port and Neston,https://www.theyworkforyou.com/mp/25378/justin_madders/ellesmere_port_and_neston
11087,F,Khalid,Mahmood,,Labour,"Birmingham, Perry Barr",https://www.theyworkforyou.com/mp/11087/khalid_mahmood/birmingham%2C_perry_barr
24788,M,Shabana,Mahmood,,Labour,"Birmingham, Ladywood",https://www.theyworkforyou.com/mp/24788/shabana_mahmood/birmingham%2C_ladywood
11798,F,Anne,Main,,Conservative,St Albans,https://www.theyworkforyou.com/mp/11798/anne_main/st_albans
25285,M,Alan,Mak,,Conservative,Havant,https://www.theyworkforyou.com/mp/25285/alan_mak/havant
25150,F,Seema,Malhotra,,Labour/Co-operative,Feltham and Heston,https://www.theyworkforyou.com/mp/25150/seema_malhotra/feltham_and_heston
25346,M,Kit,Malthouse,,Conservative,North West Hampshire,https://www.theyworkforyou.com/mp/25346/kit_malthouse/north_west_hampshire
11093,M,John,Mann,,Labour,Bassetlaw,https://www.theyworkforyou.com/mp/11093/john_mann/bassetlaw
25383,M,Scott,Mann,,Conservative,North Cornwall,https://www.theyworkforyou.com/mp/25383/scott_mann/north_cornwall
11095,M,Rob,Marris,,Labour,Wolverhampton South West,https://www.theyworkforyou.com/mp/11095/rob_marris/wolverhampton_south_west
10415,M,Gordon,Marsden,,Labour,Blackpool South,https://www.theyworkforyou.com/mp/10415/gordon_marsden/blackpool_south
25433,F,Rachael,Maskell,,Labour/Co-operative,York Central,https://www.theyworkforyou.com/mp/25433/rachael_maskell/york_central
13904,M,Paul,Maskey,,Sinn FŽin,Belfast West,https://www.theyworkforyou.com/mp/13904/paul_maskey/belfast_west
25411,M,Chris,Matheson,,Labour,City of Chester,https://www.theyworkforyou.com/mp/25411/chris_matheson/city_of_chester
25333,F,Tania,Mathias,,Conservative,Twickenham,https://www.theyworkforyou.com/mp/25333/tania_mathias/twickenham
10426,F,Theresa,May,,Conservative,Maidenhead,https://www.theyworkforyou.com/mp/10426/theresa_may/maidenhead
24764,M,Paul,Maynard,,Conservative,Blackpool North and Cleveleys,https://www.theyworkforyou.com/mp/24764/paul_maynard/blackpool_north_and_cleveleys
10377,M,Steve,McCabe,,Labour,"Birmingham, Selly Oak",https://www.theyworkforyou.com/mp/10377/steve_mccabe/birmingham%2C_selly_oak
25400,M,Callum,McCaig,,Scottish National Party,Aberdeen South,https://www.theyworkforyou.com/mp/25400/callum_mccaig/aberdeen_south
11455,F,Kerry,McCarthy,,Labour,Bristol East,https://www.theyworkforyou.com/mp/11455/kerry_mccarthy/bristol_east
24887,M,Jason,McCartney,,Conservative,Colne Valley,https://www.theyworkforyou.com/mp/24887/jason_mccartney/colne_valley
24790,M,Karl,McCartney,,Conservative,Lincoln,https://www.theyworkforyou.com/mp/24790/karl_mccartney/lincoln
10381,F,Siobhain,McDonagh,,Labour,Mitcham and Morden,https://www.theyworkforyou.com/mp/10381/siobhain_mcdonagh/mitcham_and_morden
25169,M,Andy,McDonald,,Labour,Middlesbrough,https://www.theyworkforyou.com/mp/25169/andy_mcdonald/middlesbrough
25322,M,Stewart,McDonald,,Scottish National Party,Glasgow South,https://www.theyworkforyou.com/mp/25322/stewart_mcdonald/glasgow_south
25301,M,Stuart,McDonald,,Scottish National Party,"Cumbernauld, Kilsyth and Kirkintilloch East",https://www.theyworkforyou.com/mp/25301/stuart_mcdonald/cumbernauld%2C_kilsyth_and_kirkintilloch_east
11402,M,Alasdair,McDonnell,,Social Democratic and Labour Party,Belfast South,https://www.theyworkforyou.com/mp/11402/alasdair_mcdonnell/belfast_south
10383,M,John Martin,McDonnell,,Labour,Hayes and Harlington,https://www.theyworkforyou.com/mp/10383/john_martin_mcdonnell/hayes_and_harlington
11936,M,Pat,McFadden,,Labour,Wolverhampton South East,https://www.theyworkforyou.com/mp/11936/pat_mcfadden/wolverhampton_south_east
25303,F,Natalie,McGarry,,Independent,Glasgow East,https://www.theyworkforyou.com/mp/25303/natalie_mcgarry/glasgow_east
25423,M,Conor,McGinn,,Labour,St Helens North,https://www.theyworkforyou.com/mp/25423/conor_mcginn/st_helens_north
24897,F,Alison,McGovern,,Labour,Wirral South,https://www.theyworkforyou.com/mp/24897/alison_mcgovern/wirral_south
25230,F,Liz,McInnes,,Labour,Heywood and Middleton,https://www.theyworkforyou.com/mp/25230/liz_mcinnes/heywood_and_middleton
24818,F,Catherine,McKinnell,,Labour,Newcastle upon Tyne North,https://www.theyworkforyou.com/mp/24818/catherine_mckinnell/newcastle_upon_tyne_north
14146,F,Anne,McLaughlin,,Scottish National Party,Glasgow North East,https://www.theyworkforyou.com/mp/14146/anne_mclaughlin/glasgow_north_east
10397,M,Patrick,McLoughlin,,Conservative,Derbyshire Dales,https://www.theyworkforyou.com/mp/10397/patrick_mcloughlin/derbyshire_dales
25475,M,Jim,McMahon,,Labour,Oldham West and Royton,https://www.theyworkforyou.com/mp/25475/jim_mcmahon/oldham_west_and_royton
25271,M,John,McNally,,Scottish National Party,Falkirk,https://www.theyworkforyou.com/mp/25271/john_mcnally/falkirk
24888,M,Stephen,McPartland,,Conservative,Stevenage,https://www.theyworkforyou.com/mp/24888/stephen_mcpartland/stevenage
10428,M,Alan,Meale,,Labour,Mansfield,https://www.theyworkforyou.com/mp/10428/alan_meale/mansfield
24919,M,Ian,Mearns,,Labour,Gateshead,https://www.theyworkforyou.com/mp/24919/ian_mearns/gateshead
24804,M,Mark,Menzies,,Conservative,Fylde,https://www.theyworkforyou.com/mp/24804/mark_menzies/fylde
25367,M,Johnny,Mercer,,Conservative,"Plymouth, Moor View",https://www.theyworkforyou.com/mp/25367/johnny_mercer/plymouth%2C_moor_view
25426,M,Huw,Merriman,,Conservative,Bexhill and Battle,https://www.theyworkforyou.com/mp/25426/huw_merriman/bexhill_and_battle
24749,M,Stephen,Metcalfe,,Conservative,South Basildon and East Thurrock,https://www.theyworkforyou.com/mp/24749/stephen_metcalfe/south_basildon_and_east_thurrock
11545,M,Ed,Miliband,,Labour,Doncaster North,https://www.theyworkforyou.com/mp/11545/ed_miliband/doncaster_north
11389,F,Maria,Miller,,Conservative,Basingstoke,https://www.theyworkforyou.com/mp/11389/maria_miller/basingstoke
25350,F,Amanda,Milling,,Conservative,Cannock Chase,https://www.theyworkforyou.com/mp/25350/amanda_milling/cannock_chase
24965,M,Nigel,Mills,,Conservative,Amber Valley,https://www.theyworkforyou.com/mp/24965/nigel_mills/amber_valley
11603,F,Anne,Milton,,Conservative,Guildford,https://www.theyworkforyou.com/mp/11603/anne_milton/guildford
11115,M,Andrew,Mitchell,,Conservative,Sutton Coldfield,https://www.theyworkforyou.com/mp/11115/andrew_mitchell/sutton_coldfield
13836,M,Francie,Molloy,,Sinn FŽin,Mid Ulster,https://www.theyworkforyou.com/mp/13836/francie_molloy/mid_ulster
25406,F,Carol,Monaghan,,Scottish National Party,Glasgow North West,https://www.theyworkforyou.com/mp/25406/carol_monaghan/glasgow_north_west
25339,M,Paul,Monaghan,,Scottish National Party,"Caithness, Sutherland and Easter Ross",https://www.theyworkforyou.com/mp/25339/paul_monaghan/caithness%2C_sutherland_and_easter_ross
11450,F,Madeleine,Moon,,Labour,Bridgend,https://www.theyworkforyou.com/mp/11450/madeleine_moon/bridgend
24938,F,Penny,Mordaunt,,Conservative,Portsmouth North,https://www.theyworkforyou.com/mp/24938/penny_mordaunt/portsmouth_north
11732,F,Jessica,Morden,,Labour,Newport East,https://www.theyworkforyou.com/mp/11732/jessica_morden/newport_east
24732,F,Nicky,Morgan,,Conservative,Loughborough,https://www.theyworkforyou.com/mp/24732/nicky_morgan/loughborough
24912,F,Anne Marie,Morris,,Conservative,Newton Abbot,https://www.theyworkforyou.com/mp/24912/anne_marie_morris/newton_abbot
24966,M,David,Morris,,Conservative,Morecambe and Lunesdale,https://www.theyworkforyou.com/mp/24966/david_morris/morecambe_and_lunesdale
24715,M,Grahame,Morris,,Labour,Easington,https://www.theyworkforyou.com/mp/24715/grahame_morris/easington
24855,M,James,Morris,,Conservative,Halesowen and Rowley Regis,https://www.theyworkforyou.com/mp/24855/james_morris/halesowen_and_rowley_regis
25342,F,Wendy,Morton,,Conservative,Aldridge-Brownhills,https://www.theyworkforyou.com/mp/25342/wendy_morton/aldridge-brownhills
24932,M,David,Mowat,,Conservative,Warrington South,https://www.theyworkforyou.com/mp/24932/david_mowat/warrington_south
11672,M,Greg,Mulholland,,Liberal Democrat,Leeds North West,https://www.theyworkforyou.com/mp/11672/greg_mulholland/leeds_north_west
25286,M,Roger,Mullin,,Scottish National Party,Kirkcaldy and Cowdenbeath,https://www.theyworkforyou.com/mp/25286/roger_mullin/kirkcaldy_and_cowdenbeath
11970,M,David,Mundell,,Conservative,"Dumfriesshire, Clydesdale and Tweeddale",https://www.theyworkforyou.com/mp/11970/david_mundell/dumfriesshire%2C_clydesdale_and_tweeddale
24872,F,Ian,Murray,,Labour,Edinburgh South,https://www.theyworkforyou.com/mp/24872/ian_murray/edinburgh_south
24875,M,Sheryll,Murray,,Conservative,South East Cornwall,https://www.theyworkforyou.com/mp/24875/sheryll_murray/south_east_cornwall
11132,M,Andrew,Murrison,,Conservative,South West Wiltshire,https://www.theyworkforyou.com/mp/11132/andrew_murrison/south_west_wiltshire
24831,F,Lisa,Nandy,,Labour,Wigan,https://www.theyworkforyou.com/mp/24831/lisa_nandy/wigan
13736,M,Bob,Neill,,Conservative,Bromley and Chislehurst,https://www.theyworkforyou.com/mp/13736/bob_neill/bromley_and_chislehurst
25291,M,Gavin,Newlands,,Scottish National Party,Paisley and Renfrewshire North,https://www.theyworkforyou.com/mp/25291/gavin_newlands/paisley_and_renfrewshire_north
24948,F,Sarah,Newton,,Conservative,Truro and Falmouth,https://www.theyworkforyou.com/mp/24948/sarah_newton/truro_and_falmouth
25281,M,John,Nicolson,,Scottish National Party,East Dunbartonshire,https://www.theyworkforyou.com/mp/25281/john_nicolson/east_dunbartonshire
24809,F,Caroline,Nokes,,Conservative,Romsey and Southampton North,https://www.theyworkforyou.com/mp/24809/caroline_nokes/romsey_and_southampton_north
24827,M,Jesse,Norman,,Conservative,Hereford and South Herefordshire,https://www.theyworkforyou.com/mp/24827/jesse_norman/hereford_and_south_herefordshire
24877,M,David,Nuttall,,Conservative,Bury North,https://www.theyworkforyou.com/mp/24877/david_nuttall/bury_north
25370,M,Brendan,O'Hara,,Scottish National Party,Argyll and Bute,https://www.theyworkforyou.com/mp/25370/brendan_o%27hara/argyll_and_bute
24955,M,Matthew,Offord,,Conservative,Hendon,https://www.theyworkforyou.com/mp/24955/matthew_offord/hendon
25596,F,Sarah,Olney,,Liberal Democrat,Richmond Park,https://www.theyworkforyou.com/mp/25596/sarah_olney/richmond_park
25317,F,Melanie,Onn,,Labour,Great Grimsby,https://www.theyworkforyou.com/mp/25317/melanie_onn/great_grimsby
24807,F,Chi,Onwurah,,Labour,Newcastle upon Tyne Central,https://www.theyworkforyou.com/mp/24807/chi_onwurah/newcastle_upon_tyne_central
24962,M,Guy,Opperman,,Conservative,Hexham,https://www.theyworkforyou.com/mp/24962/guy_opperman/hexham
25365,F,Kate,Osamor,,Labour/Co-operative,Edmonton,https://www.theyworkforyou.com/mp/25365/kate_osamor/edmonton
11145,M,George,Osborne,,Conservative,Tatton,https://www.theyworkforyou.com/mp/11145/george_osborne/tatton
25294,F,Kirsten,Oswald,,Scottish National Party,East Renfrewshire,https://www.theyworkforyou.com/mp/25294/kirsten_oswald/east_renfrewshire
11148,M,Albert,Owen,,Labour,Ynys M™n,https://www.theyworkforyou.com/mp/11148/albert_owen/ynys_mon
13852,M,Ian,Paisley Jnr,,DUP,North Antrim,https://www.theyworkforyou.com/mp/13852/ian_paisley_jnr/north_antrim
24779,M,Neil,Parish,,Conservative,Tiverton and Honiton,https://www.theyworkforyou.com/mp/24779/neil_parish/tiverton_and_honiton
24778,F,Priti,Patel,,Conservative,Witham,https://www.theyworkforyou.com/mp/24778/priti_patel/witham
10473,M,Owen,Paterson,,Conservative,North Shropshire,https://www.theyworkforyou.com/mp/10473/owen_paterson/north_shropshire
25296,M,Steven,Paterson,,Scottish National Party,Stirling,https://www.theyworkforyou.com/mp/25296/steven_paterson/stirling
24880,M,Mark,Pawsey,,Conservative,Rugby,https://www.theyworkforyou.com/mp/24880/mark_pawsey/rugby
24956,F,Teresa,Pearce,,Labour,Erith and Thamesmead,https://www.theyworkforyou.com/mp/24956/teresa_pearce/erith_and_thamesmead
11626,M,Mike,Penning,,Conservative,Hemel Hempstead,https://www.theyworkforyou.com/mp/11626/mike_penning/hemel_hempstead
25379,M,Matthew,Pennycook,,Labour,Greenwich and Woolwich,https://www.theyworkforyou.com/mp/25379/matthew_pennycook/greenwich_and_woolwich
11924,M,John,Penrose,,Conservative,Weston-Super-Mare,https://www.theyworkforyou.com/mp/11924/john_penrose/weston-super-mare
24832,M,Andrew,Percy,,Conservative,Brigg and Goole,https://www.theyworkforyou.com/mp/24832/andrew_percy/brigg_and_goole
24845,M,Toby,Perkins,,Labour,Chesterfield,https://www.theyworkforyou.com/mp/24845/toby_perkins/chesterfield
24915,F,Claire,Perry,,Conservative,Devizes,https://www.theyworkforyou.com/mp/24915/claire_perry/devizes
25364,F,Jess,Phillips,,Labour,"Birmingham, Yardley",https://www.theyworkforyou.com/mp/25364/jess_phillips/birmingham%2C_yardley
24709,F,Bridget,Phillipson,,Labour,Houghton and Sunderland South,https://www.theyworkforyou.com/mp/24709/bridget_phillipson/houghton_and_sunderland_south
25377,M,Chris,Philp,,Conservative,Croydon South,https://www.theyworkforyou.com/mp/25377/chris_philp/croydon_south
10477,M,Eric,Pickles,,Conservative,Brentwood and Ongar,https://www.theyworkforyou.com/mp/10477/eric_pickles/brentwood_and_ongar
24747,M,Christopher,Pincher,,Conservative,Tamworth,https://www.theyworkforyou.com/mp/24747/christopher_pincher/tamworth
24756,M,Daniel,Poulter,,Conservative,Central Suffolk and North Ipswich,https://www.theyworkforyou.com/mp/24756/daniel_poulter/central_suffolk_and_north_ipswich
10484,M,Steve,Pound,,Labour,Ealing North,https://www.theyworkforyou.com/mp/10484/steve_pound/ealing_north
25407,F,Rebecca,Pow,,Conservative,Taunton Deane,https://www.theyworkforyou.com/mp/25407/rebecca_pow/taunton_deane
25165,F,Lucy,Powell,,Labour/Co-operative,Manchester Central,https://www.theyworkforyou.com/mp/25165/lucy_powell/manchester_central
25420,F,Victoria,Prentis,,Conservative,Banbury,https://www.theyworkforyou.com/mp/25420/victoria_prentis/banbury
11172,M,Mark,Prisk,,Conservative,Hertford and Stortford,https://www.theyworkforyou.com/mp/11172/mark_prisk/hertford_and_stortford
11946,M,Mark,Pritchard,,Conservative,The Wrekin,https://www.theyworkforyou.com/mp/11946/mark_pritchard/the_wrekin
11174,M,John,Pugh,,Liberal Democrat,Southport,https://www.theyworkforyou.com/mp/11174/john_pugh/southport
25387,M,Tom,Pursglove,,Conservative,Corby,https://www.theyworkforyou.com/mp/25387/tom_pursglove/corby
25417,M,Jeremy,Quin,,Conservative,Horsham,https://www.theyworkforyou.com/mp/25417/jeremy_quin/horsham
25403,M,Will,Quince,,Conservative,Colchester,https://www.theyworkforyou.com/mp/25403/will_quince/colchester
24775,F,Yasmin,Qureshi,,Labour,Bolton South East,https://www.theyworkforyou.com/mp/24775/yasmin_qureshi/bolton_south_east
24815,M,Dominic,Raab,,Conservative,Esher and Walton,https://www.theyworkforyou.com/mp/24815/dominic_raab/esher_and_walton
25429,F,Angela,Rayner,,Labour,Ashton-under-Lyne,https://www.theyworkforyou.com/mp/25429/angela_rayner/ashton-under-lyne
10499,M,John,Redwood,,Conservative,Wokingham,https://www.theyworkforyou.com/mp/10499/john_redwood/wokingham
11511,M,Jamie,Reed,,Labour,Copeland,https://www.theyworkforyou.com/mp/11511/jamie_reed/copeland
25170,M,Steve,Reed,,Labour/Co-operative,Croydon North,https://www.theyworkforyou.com/mp/25170/steve_reed/croydon_north
25332,F,Christina,Rees,,Labour,Neath,https://www.theyworkforyou.com/mp/25332/christina_rees/neath
24926,M,Jacob,Rees-Mogg,,Conservative,North East Somerset,https://www.theyworkforyou.com/mp/24926/jacob_rees-mogg/north_east_somerset
24851,F,Rachel,Reeves,,Labour,Leeds West,https://www.theyworkforyou.com/mp/24851/rachel_reeves/leeds_west
24868,F,Emma,Reynolds,,Labour,Wolverhampton North East,https://www.theyworkforyou.com/mp/24868/emma_reynolds/wolverhampton_north_east
24929,M,Jonathan,Reynolds,,Labour/Co-operative,Stalybridge and Hyde,https://www.theyworkforyou.com/mp/24929/jonathan_reynolds/stalybridge_and_hyde
25321,F,Marie,Rimmer,,Labour,St Helens South and Whiston,https://www.theyworkforyou.com/mp/25321/marie_rimmer/st_helens_south_and_whiston
13856,F,Margaret,Ritchie,,Social Democratic and Labour Party,South Down,https://www.theyworkforyou.com/mp/13856/margaret_ritchie/south_down
11189,M,Angus,Robertson,,Scottish National Party,Moray,https://www.theyworkforyou.com/mp/11189/angus_robertson/moray
10505,M,Laurence,Robertson,,Conservative,Tewkesbury,https://www.theyworkforyou.com/mp/10505/laurence_robertson/tewkesbury
25280,F,Gavin,Robinson,,DUP,Belfast East,https://www.theyworkforyou.com/mp/25280/gavin_robinson/belfast_east
10506,M,Geoffrey,Robinson,,Labour,Coventry North West,https://www.theyworkforyou.com/mp/10506/geoffrey_robinson/coventry_north_west
25405,M,Mary,Robinson,,Conservative,Cheadle,https://www.theyworkforyou.com/mp/25405/mary_robinson/cheadle
11199,M,Andrew,Rosindell,,Conservative,Romford,https://www.theyworkforyou.com/mp/11199/andrew_rosindell/romford
24935,M,Steve,Rotheram,,Labour,"Liverpool, Walton",https://www.theyworkforyou.com/mp/24935/steve_rotheram/liverpool%2C_walton
24795,F,Amber,Rudd,,Conservative,Hastings and Rye,https://www.theyworkforyou.com/mp/24795/amber_rudd/hastings_and_rye
24820,M,David,Rutley,,Conservative,Macclesfield,https://www.theyworkforyou.com/mp/24820/david_rutley/macclesfield
10523,F,Joan,Ryan,,Labour,Enfield North,https://www.theyworkforyou.com/mp/10523/joan_ryan/enfield_north
10525,M,Alex,Salmond,,Scottish National Party,Gordon,https://www.theyworkforyou.com/mp/10525/alex_salmond/gordon
25363,F,Antoinette,Sandbach,,Conservative,Eddisbury,https://www.theyworkforyou.com/mp/25363/antoinette_sandbach/eddisbury
25302,F,Liz,Saville-Roberts,,Plaid Cymru,Dwyfor Meirionnydd,https://www.theyworkforyou.com/mp/25302/liz_saville-roberts/dwyfor_meirionnydd
25331,M,Paul,Scully,,Conservative,Sutton and Cheam,https://www.theyworkforyou.com/mp/25331/paul_scully/sutton_and_cheam
11216,M,Andrew,Selous,,Conservative,South West Bedfordshire,https://www.theyworkforyou.com/mp/11216/andrew_selous/south_west_bedfordshire
25385,F,Naseem,Shah,,Labour,Bradford West,https://www.theyworkforyou.com/mp/25385/naseem_shah/bradford_west
13864,M,Jim,Shannon,,DUP,Strangford,https://www.theyworkforyou.com/mp/13864/jim_shannon/strangford
11917,M,Grant,Shapps,,Conservative,Welwyn Hatfield,https://www.theyworkforyou.com/mp/11917/grant_shapps/welwyn_hatfield
24902,M,Alok,Sharma,,Conservative,Reading West,https://www.theyworkforyou.com/mp/24902/alok_sharma/reading_west
13934,M,Virendra,Sharma,,Labour,"Ealing, Southall",https://www.theyworkforyou.com/mp/13934/virendra_sharma/ealing%2C_southall
10534,M,Barry,Sheerman,,Labour/Co-operative,Huddersfield,https://www.theyworkforyou.com/mp/10534/barry_sheerman/huddersfield
24893,M,Alec,Shelbrooke,,Conservative,Elmet and Rothwell,https://www.theyworkforyou.com/mp/24893/alec_shelbrooke/elmet_and_rothwell
25341,M,Tommy,Sheppard,,Scottish National Party,Edinburgh East,https://www.theyworkforyou.com/mp/25341/tommy_sheppard/edinburgh_east
25421,F,Paula,Sherriff,,Labour,Dewsbury,https://www.theyworkforyou.com/mp/25421/paula_sherriff/dewsbury
24847,M,Gavin,Shuker,,Labour/Co-operative,Luton South,https://www.theyworkforyou.com/mp/24847/gavin_shuker/luton_south
25344,F,Tulip,Siddiq,,Labour,Hampstead and Kilburn,https://www.theyworkforyou.com/mp/25344/tulip_siddiq/hampstead_and_kilburn
11892,M,David,Simpson,,DUP,Upper Bann,https://www.theyworkforyou.com/mp/11892/david_simpson/upper_bann
10542,M,Keith,Simpson,,Conservative,Broadland,https://www.theyworkforyou.com/mp/10542/keith_simpson/broadland
24713,M,Chris,Skidmore,,Conservative,Kingswood,https://www.theyworkforyou.com/mp/24713/chris_skidmore/kingswood
10544,M,Dennis,Skinner,,Labour,Bolsover,https://www.theyworkforyou.com/mp/10544/dennis_skinner/bolsover
11559,M,Andrew,Slaughter,,Labour,Hammersmith,https://www.theyworkforyou.com/mp/11559/andrew_slaughter/hammersmith
25435,F,Ruth,Smeeth,,Labour,Stoke-on-Trent North,https://www.theyworkforyou.com/mp/25435/ruth_smeeth/stoke-on-trent_north
10545,M,Andrew,Smith,,Labour,Oxford East,https://www.theyworkforyou.com/mp/10545/andrew_smith/oxford_east
11814,F,Angela,Smith,,Labour,Penistone and Stocksbridge,https://www.theyworkforyou.com/mp/11814/angela_smith/penistone_and_stocksbridge
25432,F,Cat,Smith,,Labour,Lancaster and Fleetwood,https://www.theyworkforyou.com/mp/25432/cat_smith/lancaster_and_fleetwood
24691,F,Chloe,Smith,,Conservative,Norwich North,https://www.theyworkforyou.com/mp/24691/chloe_smith/norwich_north
24802,M,Henry,Smith,,Conservative,Crawley,https://www.theyworkforyou.com/mp/24802/henry_smith/crawley
25366,M,Jeff,Smith,,Labour,"Manchester, Withington",https://www.theyworkforyou.com/mp/25366/jeff_smith/manchester%2C_withington
24961,M,Julian,Smith,,Conservative,Skipton and Ripon,https://www.theyworkforyou.com/mp/24961/julian_smith/skipton_and_ripon
24728,M,Nick,Smith,,Labour,Blaenau Gwent,https://www.theyworkforyou.com/mp/24728/nick_smith/blaenau_gwent
24797,M,Owen,Smith,,Labour,Pontypridd,https://www.theyworkforyou.com/mp/24797/owen_smith/pontypridd
25345,M,Royston,Smith,,Conservative,"Southampton, Itchen",https://www.theyworkforyou.com/mp/25345/royston_smith/southampton%2C_itchen
25390,F,Karin,Smyth,,Labour,Bristol South,https://www.theyworkforyou.com/mp/25390/karin_smyth/bristol_south
10555,M,Nicholas,Soames,,Conservative,Mid Sussex,https://www.theyworkforyou.com/mp/10555/nicholas_soames/mid_sussex
25436,F,Amanda,Solloway,,Conservative,Derby North,https://www.theyworkforyou.com/mp/25436/amanda_solloway/derby_north
24772,F,Anna,Soubry,,Conservative,Broxtowe,https://www.theyworkforyou.com/mp/24772/anna_soubry/broxtowe
10558,M,John,Spellar,,Labour,Warley,https://www.theyworkforyou.com/mp/10558/john_spellar/warley
10559,F,Caroline,Spelman,,Conservative,Meriden,https://www.theyworkforyou.com/mp/10559/caroline_spelman/meriden
24909,M,Mark,Spencer,,Conservative,Sherwood,https://www.theyworkforyou.com/mp/24909/mark_spencer/sherwood
25353,M,Keir,Starmer,,Labour,Holborn and St Pancras,https://www.theyworkforyou.com/mp/25353/keir_starmer/holborn_and_st_pancras
25306,M,Chris,Stephens,,Scottish National Party,Glasgow South West,https://www.theyworkforyou.com/mp/25306/chris_stephens/glasgow_south_west
24759,M,Andrew,Stephenson,,Conservative,Pendle,https://www.theyworkforyou.com/mp/24759/andrew_stephenson/pendle
25304,F,Jo,Stevens,,Labour,Cardiff Central,https://www.theyworkforyou.com/mp/25304/jo_stevens/cardiff_central
24799,M,John,Stevenson,,Conservative,Carlisle,https://www.theyworkforyou.com/mp/24799/john_stevenson/carlisle
24907,M,Bob,Stewart,,Conservative,Beckenham,https://www.theyworkforyou.com/mp/24907/bob_stewart/beckenham
24947,M,Iain,Stewart,,Conservative,Milton Keynes South,https://www.theyworkforyou.com/mp/24947/iain_stewart/milton_keynes_south
24964,M,Rory,Stewart,,Conservative,Penrith and The Border,https://www.theyworkforyou.com/mp/24964/rory_stewart/penrith_and_the_border
10575,M,Gary,Streeter,,Conservative,South West Devon,https://www.theyworkforyou.com/mp/10575/gary_streeter/south_west_devon
25320,M,Wes,Streeting,,Labour,Ilford North,https://www.theyworkforyou.com/mp/25320/wes_streeting/ilford_north
24914,M,Mel,Stride,,Conservative,Central Devon,https://www.theyworkforyou.com/mp/24914/mel_stride/central_devon
10576,M,Graham,Stringer,,Labour,Blackley and Broughton,https://www.theyworkforyou.com/mp/10576/graham_stringer/blackley_and_broughton
10577,F,Gisela,Stuart,,Labour,"Birmingham, Edgbaston",https://www.theyworkforyou.com/mp/10577/gisela_stuart/birmingham%2C_edgbaston
11406,M,Graham,Stuart,,Conservative,Beverley and Holderness,https://www.theyworkforyou.com/mp/11406/graham_stuart/beverley_and_holderness
24853,M,Julian,Sturdy,,Conservative,York Outer,https://www.theyworkforyou.com/mp/24853/julian_sturdy/york_outer
25428,M,Rishi,Sunak,,Conservative,Richmond (Yorks),https://www.theyworkforyou.com/mp/25428/rishi_sunak/richmond_%28yorks%29
10580,M,Desmond,Swayne,,Conservative,New Forest West,https://www.theyworkforyou.com/mp/10580/desmond_swayne/new_forest_west
11265,M,Hugo,Swire,,Conservative,East Devon,https://www.theyworkforyou.com/mp/11265/hugo_swire/east_devon
10582,M,Robert,Syms,,Conservative,Poole,https://www.theyworkforyou.com/mp/10582/robert_syms/poole
11267,M,Mark,Tami,,Labour,Alyn and Deeside,https://www.theyworkforyou.com/mp/11267/mark_tami/alyn_and_deeside
25327,F,Alison,Thewliss,,Scottish National Party,Glasgow Central,https://www.theyworkforyou.com/mp/25327/alison_thewliss/glasgow_central
25440,M,Derek,Thomas,,Conservative,St Ives,https://www.theyworkforyou.com/mp/25440/derek_thomas/st_ives
10594,M,Gareth,Thomas,,Labour/Co-operative,Harrow West,https://www.theyworkforyou.com/mp/10594/gareth_thomas/harrow_west
25279,M,Nick,Thomas-Symonds,,Labour,Torfaen,https://www.theyworkforyou.com/mp/25279/nick_thomas-symonds/torfaen
25278,M,Owen,Thompson,,Scottish National Party,Midlothian,https://www.theyworkforyou.com/mp/25278/owen_thompson/midlothian
25352,F,Michelle,Thomson,,Independent,Edinburgh West,https://www.theyworkforyou.com/mp/25352/michelle_thomson/edinburgh_west
11656,F,Emily,Thornberry,,Labour,Islington South and Finsbury,https://www.theyworkforyou.com/mp/11656/emily_thornberry/islington_south_and_finsbury
25371,F,Maggie,Throup,,Conservative,Erewash,https://www.theyworkforyou.com/mp/25371/maggie_throup/erewash
10596,M,Stephen,Timms,,Labour,East Ham,https://www.theyworkforyou.com/mp/10596/stephen_timms/east_ham
14128,M,Edward,Timpson,,Conservative,Crewe and Nantwich,https://www.theyworkforyou.com/mp/14128/edward_timpson/crewe_and_nantwich
25430,F,Kelly,Tolhurst,,Conservative,Rochester and Strood,https://www.theyworkforyou.com/mp/25430/kelly_tolhurst/rochester_and_strood
24870,M,Justin,Tomlinson,,Conservative,North Swindon,https://www.theyworkforyou.com/mp/24870/justin_tomlinson/north_swindon
25422,M,Michael,Tomlinson,,Conservative,Mid Dorset and North Poole,https://www.theyworkforyou.com/mp/25422/michael_tomlinson/mid_dorset_and_north_poole
25290,M,Craig,Tracey,,Conservative,North Warwickshire,https://www.theyworkforyou.com/mp/25290/craig_tracey/north_warwickshire
10602,M,David,Tredinnick,,Conservative,Bosworth,https://www.theyworkforyou.com/mp/10602/david_tredinnick/bosworth
25439,F,Anne-Marie,Trevelyan,,Conservative,Berwick-upon-Tweed,https://www.theyworkforyou.com/mp/25439/anne-marie_trevelyan/berwick-upon-tweed
10604,M,Jon,Trickett,,Labour,Hemsworth,https://www.theyworkforyou.com/mp/10604/jon_trickett/hemsworth
24941,F,Elizabeth,Truss,,Conservative,South West Norfolk,https://www.theyworkforyou.com/mp/24941/elizabeth_truss/south_west_norfolk
25374,M,Thomas,Tugendhat,,Conservative,Tonbridge and Malling,https://www.theyworkforyou.com/mp/25374/thomas_tugendhat/tonbridge_and_malling
25313,F,Anna,Turley,,Labour/Co-operative,Redcar,https://www.theyworkforyou.com/mp/25313/anna_turley/redcar
11291,M,Andrew,Turner,,Conservative,Isle of Wight,https://www.theyworkforyou.com/mp/11291/andrew_turner/isle_of_wight
24767,M,Karl,Turner,,Labour,Kingston upon Hull East,https://www.theyworkforyou.com/mp/24767/karl_turner/kingston_upon_hull_east
10610,M,Derek,Twigg,,Labour,Halton,https://www.theyworkforyou.com/mp/10610/derek_twigg/halton
10611,M,Stephen,Twigg,,Labour/Co-operative,"Liverpool, West Derby",https://www.theyworkforyou.com/mp/10611/stephen_twigg/liverpool%2C_west_derby
10613,M,Andrew,Tyrie,,Conservative,Chichester,https://www.theyworkforyou.com/mp/10613/andrew_tyrie/chichester
24950,M,Chuka,Umunna,,Labour,Streatham,https://www.theyworkforyou.com/mp/24950/chuka_umunna/streatham
11905,M,Ed,Vaizey,,Conservative,Wantage,https://www.theyworkforyou.com/mp/11905/ed_vaizey/wantage
11475,M,Shailesh,Vara,,Conservative,North West Cambridgeshire,https://www.theyworkforyou.com/mp/11475/shailesh_vara/north_west_cambridgeshire
10614,F,Keith,Vaz,,Labour,Leicester East,https://www.theyworkforyou.com/mp/10614/keith_vaz/leicester_east
24852,M,Valerie,Vaz,,Labour,Walsall South,https://www.theyworkforyou.com/mp/24852/valerie_vaz/walsall_south
24814,M,Martin,Vickers,,Conservative,Cleethorpes,https://www.theyworkforyou.com/mp/24814/martin_vickers/cleethorpes
11500,F,Theresa,Villiers,,Conservative,Chipping Barnet,https://www.theyworkforyou.com/mp/11500/theresa_villiers/chipping_barnet
11461,M,Charles,Walker,,Conservative,Broxbourne,https://www.theyworkforyou.com/mp/11461/charles_walker/broxbourne
24862,M,Robin,Walker,,Conservative,Worcester,https://www.theyworkforyou.com/mp/24862/robin_walker/worcester
11668,M,Ben,Wallace,,Conservative,Wyre and Preston North,https://www.theyworkforyou.com/mp/11668/ben_wallace/wyre_and_preston_north
25372,M,David,Warburton,,Conservative,Somerton and Frome,https://www.theyworkforyou.com/mp/25372/david_warburton/somerton_and_frome
25395,M,Matt,Warman,,Conservative,Boston and Skegness,https://www.theyworkforyou.com/mp/25395/matt_warman/boston_and_skegness
11308,F,Angela,Watkinson,,Conservative,Hornchurch and Upminster,https://www.theyworkforyou.com/mp/11308/angela_watkinson/hornchurch_and_upminster
11309,M,Tom,Watson,,Labour,West Bromwich East,https://www.theyworkforyou.com/mp/11309/tom_watson/west_bromwich_east
11312,M,Michael,Weir,,Scottish National Party,Angus,https://www.theyworkforyou.com/mp/11312/michael_weir/angus
25328,F,Catherine,West,,Labour,Hornsey and Wood Green,https://www.theyworkforyou.com/mp/25328/catherine_west/hornsey_and_wood_green
24930,M,James,Wharton,,Conservative,Stockton South,https://www.theyworkforyou.com/mp/24930/james_wharton/stockton_south
25398,F,Helen,Whately,,Conservative,Faversham and Mid Kent,https://www.theyworkforyou.com/mp/25398/helen_whately/faversham_and_mid_kent
24769,F,Heather,Wheeler,,Conservative,South Derbyshire,https://www.theyworkforyou.com/mp/24769/heather_wheeler/south_derbyshire
24959,M,Chris,White,,Conservative,Warwick and Leamington,https://www.theyworkforyou.com/mp/24959/chris_white/warwick_and_leamington
24812,F,Eilidh,Whiteford,,Scottish National Party,Banff and Buchan,https://www.theyworkforyou.com/mp/24812/eilidh_whiteford/banff_and_buchan
10630,M,Alan,Whitehead,,Labour,"Southampton, Test",https://www.theyworkforyou.com/mp/10630/alan_whitehead/southampton%2C_test
25318,F,Philippa,Whitford,,Scottish National Party,Central Ayrshire,https://www.theyworkforyou.com/mp/25318/philippa_whitford/central_ayrshire
24944,M,Craig,Whittaker,,Conservative,Calder Valley,https://www.theyworkforyou.com/mp/24944/craig_whittaker/calder_valley
10632,M,John,Whittingdale,,Conservative,Maldon,https://www.theyworkforyou.com/mp/10632/john_whittingdale/maldon
11318,M,Bill,Wiggin,,Conservative,North Herefordshire,https://www.theyworkforyou.com/mp/11318/bill_wiggin/north_herefordshire
25329,M,Craig,Williams,,Conservative,Cardiff North,https://www.theyworkforyou.com/mp/25329/craig_williams/cardiff_north
11323,M,Hywel,Williams,,Plaid Cymru,Arfon,https://www.theyworkforyou.com/mp/11323/hywel_williams/arfon
11489,M,Mark,Williams,,Liberal Democrat,Ceredigion,https://www.theyworkforyou.com/mp/11489/mark_williams/ceredigion
24729,M,Gavin,Williamson,,Conservative,South Staffordshire,https://www.theyworkforyou.com/mp/24729/gavin_williamson/south_staffordshire
25401,F,Corri,Wilson,,Scottish National Party,"Ayr, Carrick and Cumnock",https://www.theyworkforyou.com/mp/25401/corri_wilson/ayr%2C_carrick_and_cumnock
13933,M,Phil,Wilson,,Labour,Sedgefield,https://www.theyworkforyou.com/mp/13933/phil_wilson/sedgefield
11773,M,Rob,Wilson,,Conservative,Reading East,https://www.theyworkforyou.com/mp/11773/rob_wilson/reading_east
11374,M,Sammy,Wilson,,DUP,East Antrim,https://www.theyworkforyou.com/mp/11374/sammy_wilson/east_antrim
10645,M,David,Winnick,,Labour,Walsall North,https://www.theyworkforyou.com/mp/10645/david_winnick/walsall_north
10648,F,Rosie,Winterton,,Labour,Doncaster Central,https://www.theyworkforyou.com/mp/10648/rosie_winterton/doncaster_central
11333,M,Pete,Wishart,,Scottish National Party,Perth and North Perthshire,https://www.theyworkforyou.com/mp/11333/pete_wishart/perth_and_north_perthshire
24761,F,Sarah,Wollaston,,Conservative,Totnes,https://www.theyworkforyou.com/mp/24761/sarah_wollaston/totnes
25362,M,Mike,Wood,,Conservative,Dudley South,https://www.theyworkforyou.com/mp/25362/mike_wood/dudley_south
24837,M,John,Woodcock,,Labour/Co-operative,Barrow and Furness,https://www.theyworkforyou.com/mp/24837/john_woodcock/barrow_and_furness
25360,M,William,Wragg,,Conservative,Hazel Grove,https://www.theyworkforyou.com/mp/25360/william_wragg/hazel_grove
11362,M,Iain,Wright,,Labour,Hartlepool,https://www.theyworkforyou.com/mp/11362/iain_wright/hartlepool
11791,M,Jeremy,Wright,,Conservative,Kenilworth and Southam,https://www.theyworkforyou.com/mp/11791/jeremy_wright/kenilworth_and_southam
24822,M,Nadhim,Zahawi,,Conservative,Stratford-on-Avon,https://www.theyworkforyou.com/mp/24822/nadhim_zahawi/stratford-on-avon
25386,M,Daniel,Zeichner,,Labour,Cambridge,https://www.theyworkforyou.com/mp/25386/daniel_zeichner/cambridge